<?xml version="1.0" encoding="UTF-8"?>
<CONFIG>
  <Packages Count="41">
    <Item0 ID="FCL 1.0.1"/>
    <Item1 ID="internettools 0.0"/>
    <Item2 ID="LazUtils 1.0"/>
    <Item3 ID="CodeTools 1.0.1"/>
    <Item4 ID="LCLBase 2.0.10"/>
    <Item5 ID="DateTimeCtrls 1.5.1"/>
    <Item6 ID="lazgoogleapis 1.0"/>
    <Item7 ID="DebuggerIntf 0.1"/>
    <Item8 ID="LCL 2.0.10"/>
    <Item9 ID="SDFLaz 0.1.1"/>
    <Item10 ID="pascalscript 0.0.0.1"/>
    <Item11 ID="LazControls 1.0.1"/>
    <Item12 ID="SynEdit 1.0"/>
    <Item13 ID="Printer4Lazarus 0.5"/>
    <Item14 ID="LazDebuggerFpLldb 0.0"/>
    <Item15 ID="IDEIntf 1.0"/>
    <Item16 ID="SynEditDsgn 1.0"/>
    <Item17 ID="LazControlDsgn 0.0"/>
    <Item18 ID="DateTimeCtrlsDsgn 1.5.1"/>
    <Item19 ID="RunTimeTypeInfoControls 0.1"/>
    <Item20 ID="printers4lazide 0.0"/>
    <Item21 ID="leakview 1.0"/>
    <Item22 ID="MemDSLaz 1.2.1"/>
    <Item23 ID="InstantFPCLaz 1.0"/>
    <Item24 ID="ExternHelp 1.3"/>
    <Item25 ID="TurboPowerIPro 1.0"/>
    <Item26 ID="jcfidelazarus 2.0"/>
    <Item27 ID="ChmHelpPkg 0.2"/>
    <Item28 ID="fpcunitide 0.1"/>
    <Item29 ID="ProjTemplates 1.0"/>
    <Item30 ID="TAChartLazarusPkg 1.0"/>
    <Item31 ID="ToDoListLaz 1.0.2"/>
    <Item32 ID="SQLDBLaz 1.0.2"/>
    <Item33 ID="DBFLaz 0.1.1"/>
    <Item34 ID="EditorMacroScript 0.0"/>
    <Item35 ID="LazActiveX 0.1"/>
    <Item36 ID="LazDebuggerGdbmi 0.1"/>
    <Item37 ID="TurboPowerIProDsgn 0.0"/>
    <Item38 ID="OnlinePackageManager 1.0.1.2"/>
    <Item39 ID="weblaz 1.0"/>
    <Item40 ID="lazwebextra 0.9"/>
  </Packages>
</CONFIG>
